Participant,Phase,StressSelf10,StressPred_cont,StressLevel10,meanHR_MyDev,SDNN_MyDev,RMSSD_MyDev,pNN50_MyDev,EDAmean_MyDev,EDAslope_MyDev,dHR,dSDNN,dRMSSD,dpNN50,dEDAmean,dEDAslope,TraitStress_z
8,Arithmetic,8,7.93688695541547,8,89.828150483856,25.3065072755156,2.44900918775817,0.0543714658547194,2.59391685298727,0.00123555960735471,6.2735907544192,-5.8347964062213,-0.24891785072023,-0.0422702350392163,0.84780370921503,0.0074546600446626,1.49082560201043
8,Cold Press,7,7.96294372368533,8,87.971988388969,28.4798725469742,2.27171439641248,0.0726216412490922,3.62865073140922,0.000155127372523975,4.41742865953219,-2.6614311347627,-0.42621264206592,-0.0240200596448435,1.88253758763698,0.00637422780983187,1.49082560201043
8,Prep TSST,NaN,8.0615925812542,8,86.1210531926248,27.6415179257776,1.94652721217494,0,1.88615818501778,0.00106210969916829,2.566493463188,-3.4997857559593,-0.75139982630346,-0.0966417008939357,0.14004504124554,0.00728121013647618,1.49082560201043
8,Relax 1,8,7.54063539066345,8,83.5545597294368,31.1413036817369,2.6979270384784,0.0966417008939357,1.74611314377224,-0.00621910043730789,0,0,0,0,0,0,1.49082560201043
8,Relax 2,NaN,7.71224910247626,8,86.411478318733,26.8531866535886,2.60119713211345,0.0554569653948536,2.23983439069544,-0.00258968943661762,2.8569185892962,-4.2881170281483,-0.09672990636495,-0.0411847354990821,0.4937212469232,0.00362941100069027,1.49082560201043
8,Relax 3,NaN,7.64190066883467,8,88.8826711395333,42.8346782662652,2.91379089220792,0.0524218913818411,2.82910463913802,0.000288633617644801,5.3281114100965,11.6933745845283,0.21586385372952,-0.0442198095120946,1.08299149536578,0.00650773405495269,1.49082560201043
8,Relax 4,NaN,7.79202118041545,8,86.3817984308988,60.6644640382943,2.45832799845211,0.0724287783679382,2.79564633384591,-0.010394057014256,2.82723870146199,29.5231603565574,-0.23959904002629,-0.0242129225259975,1.04953319007367,-0.00417495657694811,1.49082560201043
8,Stroop,8,8.70245056180108,9,93.0581270182988,16.6433863003039,1.30594019244749,0,2.96094168791462,0.0189561618768956,9.503567288862,-14.497917381433,-1.39198684603091,-0.0966417008939357,1.21482854414238,0.0251752623142035,1.49082560201043
8,TSST Speech,8,8.30660699016674,8,91.8684700447932,37.4843928739625,1.93047895125799,0.0139987401133898,2.4702377502358,-0.00265005635524376,8.3139103153564,6.3430891922256,-0.76744808722041,-0.0826429607805459,0.72412460646356,0.00356904408206413,1.49082560201043
